id,country,url,region,streams
1019,Argentina,1yoMvmasuxZfqHEipJhRbp,South America,83672913
9512,Australia,7qiZfU4dY1lWllzX7mPBI3,Asia / Australia,113119306
11779,Austria,1rgnBhdG2JDFTbYkYRZAku,Eastern Europe,13177954
20575,Belgium,1rgnBhdG2JDFTbYkYRZAku,Western Europe,25753177
27518,Bolivia,1yoMvmasuxZfqHEipJhRbp,South America,8072854
31495,Brazil,2MZQAvsA7aZDssppBLRxYp,South America,192874988
36354,Bulgaria,3eekarcy7kvN4yt5ZFzltW,Eastern Europe,1638651
45729,Canada,7qEHsqek33rTcFNT9PFqLf,North America,81098018
48521,Chile,4R8BJggjosTswLxtkw8V7P,South America,89232899
51570,Colombia,1yoMvmasuxZfqHEipJhRbp,South America,33147395
58796,Costa Rica,7qiZfU4dY1lWllzX7mPBI3,North America,13832874
60766,Czech Republic,2687fXBlOk6u6fiwLJ4E1l,Eastern Europe,12175636
72804,Denmark,7qiZfU4dY1lWllzX7mPBI3,Western Europe,31874590
73381,Dominican Republic,0fea68AdmYNygeTGI4RC18,North America,6379313
78119,Ecuador,0fea68AdmYNygeTGI4RC18,South America,15317847
83045,Egypt,7JAPo0o6KfpKdZiGLoRCNh,Africa / Middle East,2991786
83419,El Salvador,0fea68AdmYNygeTGI4RC18,North America,7230796
87804,Estonia,2xtLPeeUmIzM1hFw2qeH4U,Eastern Europe,2248743
99227,Finland,7qiZfU4dY1lWllzX7mPBI3,Western Europe,20319570
99785,France,0Jh6iWjna1wk5le0Ahn7No,Western Europe,106197831
116980,Germany,6hw1Sy9wZ8UCxYGdpKrU6M,Western Europe,187403926
121229,Greece,3wjl3uPGckJUAeI5cRG0bZ,Eastern Europe,9116605
124450,Guatemala,0fea68AdmYNygeTGI4RC18,North America,15430655
128108,Honduras,0fea68AdmYNygeTGI4RC18,North America,6457275
136810,Hong Kong,7qiZfU4dY1lWllzX7mPBI3,Asia / Australia,11530012
138590,Hungary,1rgnBhdG2JDFTbYkYRZAku,Eastern Europe,8301605
145580,Iceland,2VxeLyX666F8uXCJ0dZF8B,Western Europe,2941374
149827,India,1smFN2CLqGROu0J0UyvDfL,Asia / Australia,91303784
153767,Indonesia,3pCt2wRdBDa2kCisIdHWgF,Asia / Australia,104550467
157497,Ireland,1rgnBhdG2JDFTbYkYRZAku,Western Europe,21371068
165599,Israel,52n4gF126eIllrGuc9Zus6,Africa / Middle East,8233997
169477,Italy,2fkVZYFv9hOejIsLzZy8ad,Western Europe,121005534
179034,Japan,7dH0dpi751EoguDDg3xx6J,Asia / Australia,100125400
182956,Latvia,5rwsJbBNa8SfPW4oFA1GjP,Eastern Europe,1766590
184441,Lithuania,0VjIjW4GlUZAMYd2vXMi3b,Eastern Europe,2217037
190393,Luxembourg,7qiZfU4dY1lWllzX7mPBI3,Western Europe,545731
195677,Malaysia,7qEHsqek33rTcFNT9PFqLf,Asia / Australia,25785791
196106,Mexico,0fea68AdmYNygeTGI4RC18,North America,250228761
200029,Morocco,1EYeZGTMCjV7uVey5fNWXM,Africa / Middle East,7125753
205699,Netherlands,2rzZ0IGxgrGUAPwrWn80z7,Western Europe,88762812
216261,New Zealand,7qiZfU4dY1lWllzX7mPBI3,Asia / Australia,24861451
216560,Nicaragua,0fea68AdmYNygeTGI4RC18,North America,2956588
220428,Norway,1rgnBhdG2JDFTbYkYRZAku,Western Europe,48321380
228817,Panama,3VvA1wSxukMLsvXoXtlwWx,North America,5971338
233026,Paraguay,4MzXwWMhyBbmu6hOcLVD49,South America,13622522
234611,Peru,059bcIhyc2SBwm6sw2AZzd,South America,42784792
240001,Philippines,3WUEs51GpcvlgU7lehLgLh,Asia / Australia,151921389
248823,Poland,7eBYMVok43QesT0KnuIkjn,Eastern Europe,40351152
251639,Romania,3eekarcy7kvN4yt5ZFzltW,Eastern Europe,4662581
254795,Russia,1GOiMxQXZUzjzH0Sxpck0B,Eastern Europe,19170333
259180,Saudi Arabia,5Aigt44wICHJ2BDshPZqvh,Africa / Middle East,6561924
265015,Singapore,7qiZfU4dY1lWllzX7mPBI3,Asia / Australia,28373434
266548,Slovakia,1rgnBhdG2JDFTbYkYRZAku,Eastern Europe,3625872
271448,South Africa,0VjIjW4GlUZAMYd2vXMi3b,Africa / Middle East,5496883
277283,South Korea,2bgTY4UwhfBYhGT4HUYStN,Asia / Australia,2680931
283858,Spain,7k4t7uLgtOxPwTpFmtJNTY,Western Europe,115286340
293361,Sweden,7qiZfU4dY1lWllzX7mPBI3,Western Europe,80208966
296122,Switzerland,1rgnBhdG2JDFTbYkYRZAku,Western Europe,20692583
311463,Taiwan,69zgyr5HVKdInjeKpq1qHa,Asia / Australia,23921097
317791,Thailand,6R9YzJHkfYoN6PianPhTdB,Asia / Australia,24864189
319300,Turkey,11PO9iu6PtpgL1JK4QNUEJ,Africa / Middle East,68863596
323726,Ukraine,1GOiMxQXZUzjzH0Sxpck0B,Eastern Europe,3925847
328383,United Arab Emirates,7qEHsqek33rTcFNT9PFqLf,Africa / Middle East,2726160
336988,United Kingdom,7qiZfU4dY1lWllzX7mPBI3,Western Europe,205535453
345159,United States,6gBFPUFcJLzWGx4lenP6h2,North America,624010649
347576,Uruguay,1yoMvmasuxZfqHEipJhRbp,South America,5923751
351393,Vietnam,17iGUekw5nFt5mIRJcUm3R,Asia / Australia,13231864